Revenue,Units_Sold,Revenue_per_unit,dim_branch_key,dim_dealer_key,dim_model_key,dim_date_key
13363978,2,6681989.0,814,51,195,588
17376468,3,5792156.0,815,131,261,777
9664767,3,3221589.0,1,67,148,712
5525304,3,1841768.0,357,52,87,415
12971088,3,4323696.0,683,132,20,589
7321228,1,7321228.0,358,36,242,472
11379294,2,5689647.0,1492,82,160,778
11611234,2,5805617.0,933,119,179,779
19979446,2,9989723.0,1493,239,262,122
14181510,3,4727170.0,1493,1,209,473
5358057,1,5358057.0,2,2,226,1
16150431,3,5383477.0,3,199,1,534
13389350,2,6694675.0,1494,3,161,123
4891618,2,2445809.0,4,4,39,2
5059144,2,2529572.0,1038,200,103,535
17369466,2,8684733.0,816,166,243,474
26969532,3,8989844.0,230,102,58,588
4816794,2,2408397.0,585,68,227,655
7738896,1,7738896.0,817,69,104,777
11038722,3,3679574.0,1385,146,162,536
6733530,2,3366765.0,1495,217,180,124
6594996,3,2198332.0,117,133,105,59
8355774,3,2785258.0,231,5,210,590
6158643,1,6158643.0,586,255,128,122
18118773,3,6039591.0,1276,218,163,832
10067596,2,5033798.0,1276,219,181,534
8443706,1,8443706.0,118,240,263,60
4590128,1,4590128.0,1496,201,196,61
4225644,2,2112822.0,587,202,2,292
7525079,1,7525079.0,818,53,3,713
8074050,2,4037025.0,232,203,211,416
4058632,1,4058632.0,119,241,4,895
12322500,3,4107500.0,588,256,197,417
13055810,2,6527905.0,588,120,106,241
5616461,1,5616461.0,684,70,107,125
18031408,2,9015704.0,233,83,264,896
4061400,3,1353800.0,359,220,5,833
23199300,3,7733100.0,1386,221,212,345
3120075,1,3120075.0,1039,71,213,3
11630901,3,3876967.0,1164,147,182,62
28080780,3,9360260.0,819,72,214,832
17231670,3,5743890.0,820,37,215,60
1196976,1,1196976.0,5,167,164,4
2224368,1,2224368.0,5,148,228,61
16890826,2,8445413.0,1724,184,165,656
7422324,1,7422324.0,821,257,244,834
5594044,1,5594044.0,1725,84,265,418
309955,1,309955.0,120,73,183,657
3735254,2,1867627.0,1040,38,73,242
8736224,1,8736224.0,934,242,74,126
29476512,3,9825504.0,121,204,245,417
2824317,1,2824317.0,822,6,40,125
28254609,3,9418203.0,1277,134,108,63
11270580,3,3756860.0,1277,243,41,896
6429308,1,6429308.0,1041,103,109,475
9045495,3,3015165.0,1387,104,216,780
693559,1,693559.0,1165,74,88,127
26303979,3,8767993.0,935,244,149,64
5305198,2,2652599.0,1278,75,184,419
6723250,1,6723250.0,6,205,89,4
5887052,2,2943526.0,1726,105,166,656
6083151,1,6083151.0,484,18,179,897
18784710,3,6261570.0,484,106,75,834
5289426,2,2644713.0,7,258,59,835
4014205,1,4014205.0,234,185,150,293
3163004,2,1581502.0,1279,107,246,65
21878175,3,7292725.0,1166,168,60,5
9867107,1,9867107.0,8,54,6,346
4583883,3,1527961.0,9,7,21,128
14383990,2,7191995.0,360,39,266,6
24665256,3,8221752.0,10,85,227,836
2354637,3,784879.0,10,40,167,658
2563134,3,854378.0,235,206,209,347
5756780,1,5756780.0,685,245,90,129
4317585,1,4317585.0,1042,222,61,7
11402294,2,5701147.0,361,121,42,348
17859966,3,5953322.0,362,76,22,294
25901943,3,8633981.0,363,207,151,897
299478,1,299478.0,1497,77,7,835
11502266,2,5751133.0,485,246,104,243
4961142,3,1653714.0,823,19,110,591
6061880,1,6061880.0,686,135,185,659
18863226,3,6287742.0,364,149,43,8
8534145,3,2844715.0,1613,208,4,244
12618398,2,6309199.0,1167,108,181,714
22293669,3,7431223.0,1280,223,8,589
1994377,1,1994377.0,1281,186,267,592
11722286,2,5861143.0,1168,259,229,715
24760575,3,8253525.0,1388,150,215,712
10732148,2,5366074.0,1614,224,106,415
7666706,1,7666706.0,1389,20,198,349
675100,2,337550.0,1498,78,247,9
2968140,3,989380.0,1282,169,44,779
8885904,3,2961968.0,936,247,111,473
21885834,3,7295278.0,824,248,248,244
8169852,1,8169852.0,11,151,249,714
3450696,1,3450696.0,1283,122,40,123
5421046,2,2710523.0,1283,136,91,589
10113618,3,3371206.0,589,21,228,2
3382344,2,1691172.0,825,170,230,660
21087120,3,7029040.0,687,260,168,188
8445560,2,4222780.0,1615,8,129,660
20375646,3,6791882.0,1727,123,186,655
5608551,3,1869517.0,1043,171,112,777
15086781,3,5028927.0,486,152,199,712
3852248,1,3852248.0,12,86,45,415
28034733,3,9344911.0,13,124,92,127
6932140,1,6932140.0,236,109,62,476
2279715,3,759905.0,590,153,9,534
15082984,2,7541492.0,688,187,231,123
1614954,3,538318.0,937,172,113,2
17522592,2,8761296.0,365,55,63,660
15425984,2,7712992.0,1728,154,23,66
6200183,1,6200183.0,237,56,114,245
9216580,2,4608290.0,238,155,250,246
20974905,3,6991635.0,1044,249,7,833
25901364,3,8633788.0,1044,137,24,661
13123846,2,6561923.0,487,138,167,345
7178971,1,7178971.0,826,57,187,662
10761116,2,5380558.0,1169,41,76,130
13220313,3,4406771.0,827,261,46,61
2964017,1,2964017.0,1616,188,115,837
19987149,3,6662383.0,1390,189,251,292
2221530,1,2221530.0,689,190,25,418
3751186,1,3751186.0,1170,58,200,781
4376587,1,4376587.0,239,209,10,477
281016,2,140508.0,591,110,217,663
19669918,2,9834959.0,690,111,93,896
25546332,3,8515444.0,488,42,11,833
288894,1,288894.0,938,139,130,345
11329482,3,3776494.0,1284,191,131,475
18898203,3,6299401.0,939,9,169,780
8140664,2,4070332.0,366,173,47,593
12526704,2,6263352.0,489,140,152,664
9626946,1,9626946.0,240,174,48,418
8308755,3,2769585.0,940,225,77,657
7053423,3,2351141.0,1285,59,249,65
7915343,1,7915343.0,1285,112,268,781
5868139,1,5868139.0,14,87,232,5
340182,2,170091.0,1286,156,49,594
2861778,2,1430889.0,1045,157,94,420
7078128,1,7078128.0,1617,250,132,661
4681233,1,4681233.0,691,43,116,658
9127452,3,3042484.0,592,226,153,475
28232232,3,9410744.0,490,22,45,7
24183663,3,8061221.0,490,10,78,593
4579461,3,1526487.0,1499,227,91,348
11559954,3,3853318.0,241,158,154,665
6535383,3,2178461.0,1171,141,201,666
4392538,2,2196269.0,941,23,233,478
725867,1,725867.0,692,11,79,835
2827664,2,1413832.0,942,251,269,293
9689140,1,9689140.0,15,252,270,65
16533070,2,8266535.0,16,159,234,5
847952,2,423976.0,17,119,252,594
12224250,2,6112125.0,1500,51,92,659
8711628,3,2903876.0,18,262,235,247
20604021,3,6868007.0,1618,131,133,537
22278675,3,7426225.0,1391,67,253,716
8383410,1,8383410.0,1392,88,26,129
5440414,1,5440414.0,491,192,50,592
2887860,1,2887860.0,491,68,218,665
9621332,2,4810666.0,1046,239,63,295
9894833,1,9894833.0,492,2,27,717
7758912,1,7758912.0,1619,199,219,595
11540160,2,5770080.0,122,3,134,718
10376068,2,5188034.0,943,74,135,243
10046163,3,3348721.0,1047,200,28,296
9612233,1,9612233.0,19,166,202,591
4380192,2,2190096.0,1287,102,136,659
4988693,1,4988693.0,1501,125,251,349
24243636,3,8081212.0,1501,175,236,247
15758858,2,7879429.0,693,263,24,9
4437937,1,4437937.0,1502,24,203,838
12531735,3,4177245.0,1048,60,64,248
17781882,3,5927294.0,694,146,29,596
18432684,2,9216342.0,1729,8,30,714
7783188,2,3891594.0,367,133,31,589
27840693,3,9280231.0,1503,5,271,592
27170463,3,9056821.0,695,255,220,295
7900452,1,7900452.0,1172,142,130,350
889446,3,296482.0,593,218,188,188
29018226,3,9672742.0,1049,201,95,782
19005264,2,9502632.0,828,228,170,898
1862934,2,931467.0,944,250,137,415
7440984,1,7440984.0,1730,203,65,349
6945984,3,2315328.0,20,176,272,9
9296322,3,3098774.0,829,70,80,597
29679627,3,9893209.0,945,25,237,2
6718044,3,2239348.0,1288,147,189,350
6866014,2,3433007.0,1731,143,155,245
4256874,2,2128437.0,21,167,268,246
6905276,2,3452638.0,1050,184,190,67
13383333,3,4461111.0,696,257,138,421
7421974,1,7421974.0,594,84,51,719
9343340,1,9343340.0,1393,204,139,476
2574816,2,1287408.0,1732,134,78,839
6457305,1,6457305.0,1394,44,12,189
1879880,2,939940.0,697,103,171,351
5701857,3,1900619.0,1395,177,172,292
8615017,1,8615017.0,1733,244,273,66
5905112,2,2952556.0,698,75,117,245
6196108,1,6196108.0,1396,205,96,246
6197509,1,6197509.0,595,26,238,477
9190640,1,9190640.0,368,18,252,663
376922,2,188461.0,369,185,118,352
14143208,2,7071604.0,1397,107,274,783
6271023,3,2090341.0,1504,12,239,345
8648235,3,2882745.0,1398,54,156,662
16914626,2,8457313.0,370,7,173,130
4403793,1,4403793.0,1289,193,66,839
572727,1,572727.0,946,206,67,68
7802484,1,7802484.0,493,222,275,249
14184207,3,4728069.0,123,207,119,663
16295156,2,8147578.0,1290,229,220,720
8268754,1,8268754.0,1173,246,81,899
14099240,2,7049620.0,242,45,140,353
7235826,3,2411942.0,596,19,174,131
2855670,3,951890.0,1620,194,120,780
7398132,2,3699066.0,830,230,82,593
4836812,2,2418406.0,371,149,276,132
7963904,1,7963904.0,699,231,68,664
6873658,1,6873658.0,1174,89,272,666
4701994,2,2350997.0,700,208,195,478
25066332,3,8355444.0,1399,108,69,598
8881946,2,4440973.0,1734,223,261,667
17758347,3,5919449.0,1621,186,148,422
12612492,3,4204164.0,1735,178,254,662
18183694,2,9091847.0,372,210,255,594
27140604,3,9046868.0,494,259,242,720
1669181,1,1669181.0,124,90,160,420
5221738,1,5221738.0,701,79,256,537
11080864,2,5540432.0,1400,224,226,423
1458843,3,486281.0,1505,20,161,190
7980454,2,3990227.0,1291,27,88,348
14293562,2,7146781.0,1622,169,103,665
3001169,1,3001169.0,1401,195,139,595
4423641,1,4423641.0,1736,122,257,718
7840152,2,3920076.0,1292,21,32,599
14323572,3,4774524.0,1402,170,52,191
19030767,3,6343589.0,125,123,105,247
5047944,2,2523972.0,126,171,210,537
19425790,2,9712895.0,702,211,96,248
19779771,3,6593257.0,495,126,163,596
21458625,3,7152875.0,1403,61,263,538
9655398,2,4827699.0,1293,13,196,479
13498826,2,6749413.0,1051,62,132,295
2102115,1,2102115.0,1294,232,3,717
23298537,3,7766179.0,1506,153,211,595
15268707,3,5089569.0,22,28,66,782
23878338,3,7959446.0,1295,91,197,898
5683188,1,5683188.0,23,154,264,668
809825,1,809825.0,1404,63,70,9
7857724,1,7857724.0,1507,233,182,248
15858531,3,5286177.0,127,46,214,596
19737520,2,9868760.0,703,196,119,424
25485213,3,8495071.0,1052,249,164,354
1977151,1,1977151.0,1405,138,165,721
494316,3,164772.0,1296,57,244,133
2136798,2,1068399.0,831,179,254,188
7206187,1,7206187.0,704,261,74,782
3927363,3,1309121.0,832,188,245,898
3472263,3,1157421.0,705,190,108,719
22828896,3,7609632.0,24,144,141,425
5601846,2,2800923.0,373,58,258,69
16953594,2,8476797.0,833,80,204,476
3153932,2,1576966.0,1623,29,149,597
10504860,2,5252430.0,834,111,184,424
7654362,2,3827181.0,374,264,160,189
6440358,2,3220179.0,706,191,179,351
17942361,3,5980787.0,1508,234,246,722
13772301,3,4590767.0,1406,212,6,67
8312583,1,8312583.0,707,213,21,421
5923920,3,1974640.0,1175,174,205,719
4722916,2,2361458.0,947,30,58,352
15922974,2,7961487.0,25,59,227,783
19070698,2,9535349.0,1407,87,209,480
7885366,2,3942683.0,948,156,90,539
4149040,2,2074520.0,835,14,61,669
8465856,1,8465856.0,1053,92,97,839
12776376,2,6388188.0,836,15,22,670
28009680,3,9336560.0,1509,93,128,134
9031813,1,9031813.0,26,22,33,249
11635732,2,5817866.0,1408,227,104,297
7719978,2,3859989.0,128,141,110,192
6771021,3,2257007.0,708,94,240,663
29480649,3,9826883.0,1297,251,43,352
3396933,1,3396933.0,129,252,221,783
8830740,3,2943580.0,1409,95,4,131
7989019,1,7989019.0,243,51,181,193
9113729,1,9113729.0,597,262,8,10
18507800,2,9253900.0,496,131,267,426
18944259,3,6314753.0,1737,52,175,664
25448304,3,8482768.0,1510,132,13,68
11579523,3,3859841.0,1054,88,229,134
13471854,3,4490618.0,1410,36,121,249
18106066,2,9053033.0,1055,197,214,667
22875579,3,7625193.0,497,192,215,422
8281269,3,2760423.0,498,239,106,70
10410296,2,5205148.0,1176,2,122,250
8305590,3,2768530.0,709,199,198,900
4192176,1,4192176.0,837,4,34,420
5443287,1,5443287.0,375,74,44,899
16232652,3,5410884.0,949,200,111,353
13134435,3,4378145.0,1738,166,248,131
3488930,1,3488930.0,1511,125,40,190
1408708,1,1408708.0,499,263,228,298
17499968,2,8749984.0,710,24,230,71
7718804,1,7718804.0,130,12,157,593
9894550,1,9894550.0,1056,217,53,478
2767600,2,1383800.0,244,133,112,667
3856866,3,1285622.0,711,142,166,11
12084375,3,4028125.0,1411,218,41,540
1712349,3,570783.0,131,240,142,194
10582473,3,3527491.0,376,201,191,784
2318050,2,1159025.0,1298,250,206,423
16232316,3,5410772.0,245,53,9,541
2907854,2,1453927.0,132,253,205,479
3180226,1,3180226.0,377,127,266,251
13805602,2,6902801.0,133,256,75,785
1637522,1,1637522.0,1177,70,23,427
8805045,3,2935015.0,378,83,114,12
6106050,2,3053025.0,950,221,241,718
7614612,3,2538204.0,598,147,158,11
9805538,2,4902769.0,379,265,151,668
12534236,2,6267118.0,1299,143,7,195
6462394,2,3231197.0,1512,184,187,600
10448502,2,5224251.0,1057,257,76,428
28280070,3,9426690.0,599,73,14,596
6787214,2,3393607.0,134,178,123,538
24961737,3,8320579.0,27,38,46,479
26010369,3,8670123.0,1412,242,115,251
13362888,3,4454296.0,28,96,221,133
9993194,1,9993194.0,500,235,25,723
13189806,3,4396602.0,1178,134,54,196
16419144,2,8209572.0,1300,81,200,355
27731796,3,9243932.0,1624,177,35,786
2658567,1,2658567.0,1413,244,93,668
5356071,1,5356071.0,951,75,11,195
8198552,1,8198552.0,380,16,121,69
6356301,1,6356301.0,1513,18,169,542
24611535,3,8203845.0,135,258,47,724
16191680,2,8095840.0,1625,168,222,354
4768559,1,4768559.0,952,54,277,133
16954836,2,8477418.0,712,128,248,671
5629200,1,5629200.0,1626,31,249,722
1413380,2,706690.0,246,85,232,840
4502553,1,4502553.0,381,206,49,672
9393882,2,4696941.0,1301,245,15,72
9950264,1,9950264.0,838,113,97,594
16722777,3,5574259.0,1514,121,207,719
22175907,3,7391969.0,29,113,16,425
4419316,2,2209658.0,600,32,153,197
13123946,2,6561973.0,1179,198,199,539
5124985,1,5124985.0,1180,229,45,669
5529707,1,5529707.0,30,160,91,429
11745182,2,5872591.0,382,246,154,135
8911209,1,8911209.0,136,135,55,351
19232882,2,9616441.0,1414,194,79,725
2711044,1,2711044.0,383,149,270,722
7896011,1,7896011.0,31,266,231,481
539991,3,179997.0,1515,89,113,192
8968102,2,4484051.0,1516,108,235,73
3474317,1,3474317.0,137,223,133,136
17412786,3,5804262.0,601,210,26,539
12703779,3,4234593.0,1627,79,50,426
5104718,2,2552359.0,1517,150,63,13
18335968,2,9167984.0,839,224,27,14
18836902,2,9418451.0,1739,129,219,356
797190,2,398595.0,1415,78,98,249
8061612,1,8061612.0,247,169,28,481
8089428,3,2696476.0,1416,247,202,192
12806852,2,6403426.0,1740,236,115,250
2133323,1,2133323.0,501,122,24,787
4947308,1,4947308.0,502,21,203,430
11991464,2,5995732.0,1417,170,64,137
2783942,2,1391971.0,138,260,143,131
23014824,3,7671608.0,384,180,30,193
540801,1,540801.0,248,114,11,71
10200093,3,3400031.0,1302,126,188,15
405648,2,202824.0,602,61,144,252
1887134,2,943567.0,503,109,56,422
944356,1,944356.0,1418,62,137,70
8815047,1,8815047.0,385,232,192,250
12871174,2,6435587.0,1419,28,77,784
4021521,1,4021521.0,1518,115,80,543
11543998,2,5771999.0,1181,194,240,665
27851115,3,9283705.0,1420,47,153,427
13663419,3,4554473.0,840,196,155,12
2711864,1,2711864.0,713,249,268,357
7922738,2,3961369.0,841,57,138,74
14908658,2,7454329.0,603,161,124,194
25853679,3,8617893.0,139,162,270,600
2008077,3,669359.0,714,237,234,428
7940381,1,7940381.0,249,58,12,138
3528405,1,3528405.0,715,110,83,251
19427550,2,9713775.0,953,80,172,785
17420608,2,8710304.0,32,29,273,427
5780896,1,5780896.0,1519,264,238,841
10853781,3,3617927.0,1058,191,252,16
19174448,2,9587224.0,1520,173,118,253
6933494,1,6933494.0,250,140,36,195
27378201,3,9126067.0,33,48,239,17
12364917,3,4121639.0,716,212,156,600
27157551,3,9052517.0,1059,163,202,724
7605444,1,7605444.0,1628,87,67,431
19788891,3,6596297.0,1182,156,223,901
5076554,1,5076554.0,1629,92,57,196
22238040,3,7412680.0,1303,43,99,841
7166549,1,7166549.0,34,181,271,672
12679842,2,6339921.0,504,93,220,72
4101380,2,2050690.0,1183,94,120,542
2973343,1,2973343.0,1060,11,82,724
4597215,3,1532405.0,604,251,276,842
827032,2,413516.0,1061,33,65,135
14749900,2,7374950.0,1062,34,272,843
1631227,1,1631227.0,505,51,69,139
4711108,2,2355554.0,605,262,261,601
14029425,3,4676475.0,1184,254,175,247
13525848,2,6762924.0,506,67,87,722
19488884,2,9744442.0,1304,52,20,840
11070153,3,3690051.0,140,88,242,72
887358,2,443679.0,717,116,189,73
7619058,2,3809529.0,1630,192,262,432
5486357,1,5486357.0,718,239,226,844
8277025,1,8277025.0,842,2,1,845
24713088,3,8237696.0,606,3,39,669
1071975,1,1071975.0,1305,74,103,135
19026810,2,9513405.0,1741,200,243,843
2376282,3,792094.0,954,64,193,14
3861337,1,3861337.0,843,125,257,254
5611611,3,1870537.0,1306,263,32,673
4640488,2,2320244.0,1521,24,52,846
7651808,1,7651808.0,141,146,180,192
29452029,3,9817343.0,955,8,105,73
6012624,2,3006312.0,386,97,117,430
3013862,1,3013862.0,387,142,163,602
23622411,3,7874137.0,1742,218,263,255
5988985,1,5988985.0,1421,240,196,75
3954015,3,1318005.0,1522,228,2,426
5794861,1,5794861.0,388,202,132,13
4211565,1,4211565.0,1743,53,211,356
5149104,1,5149104.0,1523,35,173,252
14231264,2,7115632.0,35,253,66,544
4091032,2,2045516.0,1422,127,197,726
6214728,1,6214728.0,251,70,264,76
1334466,1,1334466.0,1185,220,212,900
27125628,3,9041876.0,719,25,213,430
9455157,1,9455157.0,389,71,182,137
20033082,3,6677694.0,1063,98,99,543
18850056,3,6283352.0,844,143,164,358
1324649,1,1324649.0,507,167,165,359
12704400,3,4234800.0,1744,184,244,256
27226500,3,9075500.0,36,84,183,603
6890318,1,6890318.0,845,73,254,15
8944803,1,8944803.0,252,38,74,544
11657025,3,3885675.0,1745,182,276,727
6187158,2,3093579.0,253,96,68,74
25637433,3,8545811.0,956,235,108,299
5279922,2,2639961.0,957,81,258,433
16170344,2,8085172.0,958,27,34,717
12290682,2,6145341.0,846,103,216,784
27673701,3,9224567.0,847,104,204,788
618530,1,618530.0,607,177,149,543
11003206,2,5501603.0,390,16,160,138
9182152,2,4591076.0,1064,26,179,140
15724106,2,7862053.0,1631,258,150,18
16596822,3,5532274.0,1186,168,157,357
8878331,1,8878331.0,508,54,21,74
29778390,3,9926130.0,720,1,243,604
7163682,2,3581841.0,509,128,58,253
10711844,2,5355922.0,1065,206,90,198
3111980,2,1555990.0,721,222,42,428
6279243,1,6279243.0,1307,121,97,847
4674918,3,1558306.0,37,76,125,138
27882654,3,9294218.0,1187,69,210,431
7967632,1,7967632.0,1066,198,128,901
10049668,2,5024834.0,510,229,33,482
4841665,1,4841665.0,142,160,104,605
27211653,3,9070551.0,1188,246,159,545
14231444,2,7115722.0,254,19,185,841
9190134,3,3063378.0,959,135,240,16
23819997,3,7939999.0,511,194,71,604
14457039,3,4819013.0,1524,230,43,253
19496403,3,6498801.0,1308,219,211,483
1189125,1,1189125.0,391,266,17,484
3831888,3,1277296.0,722,89,4,141
7064261,1,7064261.0,392,208,181,674
6895348,1,6895348.0,1525,186,126,842
1524042,1,1524042.0,255,214,175,77
20266479,3,6755493.0,960,254,13,431
23016840,3,7672280.0,38,210,229,901
3099601,1,3099601.0,961,120,182,139
9043640,2,4521820.0,1526,267,214,601
12837476,2,6418738.0,512,79,215,848
14467488,3,4822496.0,513,150,106,19
2362077,3,787359.0,1527,224,122,78
2346754,1,2346754.0,1632,20,247,72
6408126,1,6408126.0,143,78,34,79
5850798,2,2925399.0,1746,27,44,483
20093703,3,6697901.0,1189,169,111,484
10618472,2,5309236.0,393,148,74,844
10532440,2,5266220.0,1528,236,245,845
27274158,3,9091386.0,1747,195,40,546
1506321,3,502107.0,1748,122,228,80
13271070,2,6635535.0,514,180,53,588
17938848,3,5979616.0,39,164,168,843
3565182,1,3565182.0,1067,260,53,728
7509447,1,7509447.0,1309,123,112,601
9618594,1,9618594.0,1310,243,184,673
9411372,1,9411372.0,1633,114,89,846
5676322,1,5676322.0,515,126,41,789
19790116,2,9895058.0,1190,61,142,902
9963706,2,4981853.0,1634,109,208,432
17216700,2,8608350.0,1191,62,206,844
28655037,3,9551679.0,962,106,21,255
26605503,3,8868501.0,848,130,205,75
2263432,1,2263432.0,849,91,75,20
16567818,3,5522606.0,256,115,23,606
5314854,3,1771618.0,963,56,250,356
4209675,1,4209675.0,40,155,241,254
5033528,1,5033528.0,608,40,125,21
17357436,2,8678718.0,1529,47,151,76
12476619,3,4158873.0,1068,196,7,547
3450990,3,1150330.0,1069,138,187,548
1437634,1,1437634.0,609,41,127,137
13809580,2,6904790.0,1311,179,123,255
2977984,1,2977984.0,41,161,46,75
13805534,2,6902767.0,257,162,221,256
3681751,1,3681751.0,1423,190,54,549
9543745,1,9543745.0,258,144,200,81
4358908,2,2179454.0,1635,209,217,544
6336897,3,2112299.0,1636,110,18,726
1234241,1,1234241.0,610,80,35,21
13110796,2,6555398.0,1424,29,93,76
9175180,1,9175180.0,1749,17,229,550
6922460,1,6922460.0,964,264,131,142
8758656,3,2919552.0,965,191,169,675
11320484,2,5660242.0,1530,9,47,790
6772522,1,6772522.0,394,140,222,676
2505504,1,2505504.0,1192,238,111,300
22497648,3,7499216.0,611,30,249,791
4239958,1,4239958.0,144,59,232,257
8874869,1,8874869.0,1531,87,49,729
8540194,1,8540194.0,395,62,208,903
2805178,1,2805178.0,259,14,94,485
12179226,2,6089613.0,42,92,16,904
16171738,2,8085869.0,1070,15,116,677
1831088,2,915544.0,396,136,112,143
13934294,2,6967147.0,43,181,199,678
8780384,1,8780384.0,1425,93,45,792
9009420,1,9009420.0,612,22,91,22
8396297,1,8396297.0,1193,141,233,849
230774,2,115387.0,1637,23,55,850
7650808,2,3825404.0,260,124,9,730
882130,1,882130.0,516,33,231,679
11161014,2,5580507.0,613,34,113,551
27884529,3,9294843.0,614,95,92,607
1445892,3,481964.0,723,51,235,258
5712936,2,2856468.0,850,131,253,486
15252826,2,7626413.0,1750,132,26,678
6545996,1,6545996.0,1751,55,145,199
1046322,2,523161.0,1194,116,158,905
27655845,3,9218615.0,261,192,63,200
2567426,1,2567426.0,1426,239,27,608
8465900,1,8465900.0,517,199,134,434
22987824,3,7662608.0,1532,3,98,609
24029529,3,8009843.0,44,4,135,730
13584572,2,6792286.0,851,64,115,360
4026720,3,1342240.0,724,117,251,201
19756170,3,6585390.0,725,125,24,793
3946992,2,1973496.0,1533,60,29,552
14358195,3,4786065.0,1195,146,143,23
16041212,2,8020606.0,518,217,30,199
4408905,3,1469635.0,726,97,11,259
12617286,2,6308643.0,1071,65,130,82
14183745,3,4727915.0,727,142,188,794
9116480,1,9116480.0,519,201,170,144
4394077,1,4394077.0,1312,228,56,145
4320316,1,4320316.0,262,202,137,553
13903245,3,4634415.0,1752,250,192,360
7548524,1,7548524.0,1638,183,277,906
2543978,2,1271989.0,520,35,48,83
7111300,1,7111300.0,45,253,77,301
12823790,2,6411895.0,615,127,176,610
8320334,1,8320334.0,1313,256,80,361
2183688,1,2183688.0,1314,63,241,611
4298133,3,1432711.0,1534,221,237,362
24649203,3,8216401.0,1196,112,116,435
17594286,2,8797143.0,46,98,153,554
2542283,1,2542283.0,852,143,268,24
8238927,1,8238927.0,1753,257,51,612
11212185,3,3737395.0,1197,84,177,146
4194435,1,4194435.0,1754,73,84,906
11897544,3,3965848.0,1639,178,124,83
17799570,3,5933190.0,1072,10,269,260
2754114,2,1377057.0,1073,96,234,147
7014300,3,2338100.0,263,134,194,613
255660,1,255660.0,966,44,171,731
5808485,1,5808485.0,145,103,83,25
20785545,3,6928515.0,1640,177,273,554
6450024,2,3225012.0,264,119,26,363
1131322,2,565661.0,1198,66,100,487
7003291,1,7003291.0,1199,16,238,488
24145992,3,8048664.0,967,185,274,555
9184004,2,4592002.0,616,107,36,795
6156402,1,6156402.0,1315,168,239,260
9244306,2,4622153.0,1641,12,156,732
3425558,1,3425558.0,1427,68,28,675
8367989,1,8367989.0,1316,128,136,680
1712630,2,856315.0,1317,31,218,614
13917510,2,6958755.0,47,222,224,364
12845820,2,6422910.0,1755,121,57,363
4488940,1,4488940.0,521,113,101,487
7979531,1,7979531.0,968,175,31,257
1993691,1,1993691.0,969,69,271,729
2027904,1,2027904.0,265,198,220,148
10085318,2,5042659.0,48,229,236,302
5666828,1,5666828.0,266,160,81,907
7940970,2,3970485.0,853,45,174,677
19615128,3,6538376.0,267,19,37,303
8037818,2,4018909.0,1318,135,120,675
3283236,3,1094412.0,146,194,82,790
4713975,1,4713975.0,49,241,192,22
23481786,3,7827262.0,147,219,65,436
1618930,2,809465.0,1642,89,195,261
2626165,1,2626165.0,522,208,69,489
24336876,3,8112292.0,617,179,14,149
4438278,2,2219139.0,1643,223,148,262
12742176,3,4247392.0,1428,186,87,791
12977602,2,6488801.0,397,214,20,257
2276966,2,1138483.0,1200,254,255,729
5758576,1,5758576.0,1429,37,102,607
3951923,1,3951923.0,268,120,189,258
1106634,1,1106634.0,269,267,256,202
17029410,3,5676470.0,1201,129,161,678
9618034,1,9618034.0,1535,20,39,792
3687822,2,1843911.0,50,78,88,22
5584847,1,5584847.0,398,6,124,200
14394714,2,7197357.0,970,148,193,608
1925980,2,962990.0,1756,236,139,490
2382867,1,2382867.0,1074,195,257,84
11181320,2,5590660.0,1075,122,32,851
4010877,1,4010877.0,728,170,162,679
11531190,3,3843730.0,523,164,180,551
26759202,3,8919734.0,1076,260,129,607
3388438,1,3388438.0,51,180,105,258
12409908,2,6204954.0,1202,105,273,793
3868980,2,1934490.0,1077,114,96,203
28658523,3,9552841.0,729,211,163,852
16238960,2,8119480.0,1319,126,263,365
9244356,2,4622178.0,52,99,2,304
19316154,2,9658077.0,1644,109,132,200
1419756,1,1419756.0,148,62,3,608
14535884,2,7267942.0,399,39,156,794
3972716,2,1986358.0,400,106,173,853
2450338,1,2450338.0,971,130,66,854
9724176,2,4862088.0,730,91,107,796
3118018,2,1559009.0,1645,154,5,360
22871226,3,7623742.0,149,155,70,793
23969172,3,7989724.0,618,63,213,204
19165328,2,9582664.0,854,47,119,681
2321419,1,2321419.0,150,249,165,615
16851660,3,5617220.0,1536,41,183,82
8544438,2,4272219.0,270,215,254,794
9396554,2,4698277.0,1757,179,73,853
25965132,3,8655044.0,524,100,82,24
1200316,2,600158.0,1430,162,68,305
3368813,1,3368813.0,855,237,108,85
14113876,2,7056938.0,1537,190,141,908
9830183,1,9830183.0,1078,80,18,616
1911273,3,637091.0,151,58,109,83
9416402,2,4708201.0,856,209,216,301
8836730,1,8836730.0,525,110,204,610
9597689,1,9597689.0,619,80,149,361
19511448,3,6503816.0,1646,118,255,797
29121171,3,9707057.0,53,17,242,613
3505652,1,3505652.0,620,145,160,150
28307304,3,9435768.0,1538,264,179,205
13098728,2,6549364.0,621,191,59,86
14235956,2,7117978.0,1079,234,60,366
5550443,1,5550443.0,622,140,157,24
27165489,3,9055163.0,623,48,6,909
29188608,3,9729536.0,857,151,103,733
24586674,3,8195558.0,731,163,58,263
7543192,1,7543192.0,526,30,227,151
7381760,1,7381760.0,527,59,209,682
13406360,2,6703180.0,1203,156,61,732
26598294,3,8866098.0,624,14,42,147
6871871,1,6871871.0,1758,157,97,797
9420182,2,4710091.0,625,92,22,613
22304289,3,7434763.0,1431,181,128,152
4731537,1,4731537.0,1759,93,33,87
26065980,3,8688660.0,626,22,104,26
2021596,2,1010798.0,54,158,110,487
1392885,3,464295.0,1539,141,185,488
6364987,1,6364987.0,1647,23,240,733
9765765,1,9765765.0,152,172,3,302
1287088,1,1287088.0,858,66,131,206
3056898,3,1018966.0,1648,33,17,367
22310235,3,7436745.0,627,34,4,855
7205844,3,2401948.0,1204,95,181,368
8300430,1,8300430.0,1649,131,126,680
19539196,2,9769598.0,1320,1,249,910
1890776,2,945388.0,1760,55,182,489
14296038,2,7148019.0,859,116,214,306
3272100,3,1090700.0,1761,197,215,153
14208710,2,7104355.0,1321,69,45,207
6323832,3,2107944.0,1650,192,106,208
16918773,3,5639591.0,401,2,198,729
5745982,2,2872991.0,1080,3,34,302
4346106,1,4346106.0,628,4,44,907
14538244,2,7269122.0,1205,219,113,369
7065574,2,3532787.0,860,189,73,88
8672176,1,8672176.0,732,64,245,264
1659618,2,829809.0,271,125,228,209
5461590,2,2730795.0,629,48,222,491
17649146,2,8824573.0,55,24,38,436
8682432,1,8682432.0,1206,60,168,617
26993892,3,8997964.0,1081,146,53,261
7163899,1,7163899.0,1207,101,184,851
14987548,2,7493774.0,861,148,251,89
3072957,1,3072957.0,56,65,166,437
8956949,1,8956949.0,630,142,41,438
7217151,3,2405717.0,733,240,191,258
17253633,3,5751211.0,402,243,130,798
11622186,2,5811093.0,972,228,208,88
7803453,1,7803453.0,57,202,206,370
19224651,3,6408217.0,973,225,6,852
15231956,2,7615978.0,403,35,205,683
29809104,3,9936368.0,528,253,266,684
6639066,2,3319533.0,1651,106,77,210
5639958,2,2819979.0,734,127,75,439
8097915,3,2699305.0,974,70,114,608
9541932,3,3180644.0,404,83,250,490
7574786,1,7574786.0,735,220,241,84
6865194,3,2288398.0,736,221,19,851
1784735,1,1784735.0,1322,40,155,799
22519947,3,7506649.0,737,49,22,556
7886144,2,3943072.0,862,112,125,796
349526,1,349526.0,631,98,151,734
9672447,3,3224149.0,405,143,167,27
3027222,1,3027222.0,272,216,234,856
1464319,1,1464319.0,1208,257,127,203
6375040,1,6375040.0,1082,84,14,852
7823304,3,2607768.0,58,73,123,365
9518214,1,9518214.0,529,159,71,857
7448026,2,3724013.0,975,17,238,492
9643727,1,9643727.0,1209,182,221,307
11103922,2,5551961.0,59,235,54,858
12080535,3,4026845.0,273,81,10,853
14341460,2,7170730.0,632,44,217,854
18270696,3,6090232.0,1432,238,136,735
8850410,2,4425205.0,1210,104,35,796
5165328,3,1721776.0,1652,82,13,85
29103405,3,9701135.0,1540,66,121,859
4341243,1,4341243.0,406,16,131,685
1331514,2,665757.0,1323,136,220,557
946626,1,946626.0,1433,26,169,211
3951769,1,3951769.0,1083,258,85,361
8873398,2,4436699.0,1541,185,152,681
14598236,2,7299118.0,1762,107,222,857
523765,1,523765.0,407,168,178,615
18667524,2,9333762.0,1084,124,272,371
12686360,2,6343180.0,863,1,248,154
1457835,1,1457835.0,1434,92,207,212
1512679,1,1512679.0,408,206,15,909
8412846,1,8412846.0,409,245,94,305
9454887,1,9454887.0,1542,175,112,682
9927018,1,9927018.0,410,69,199,911
27861795,3,9287265.0,1324,198,45,265
12375153,3,4125051.0,274,45,233,150
5803186,2,2901593.0,1085,101,96,686
5741370,3,1913790.0,60,19,55,205
9378756,1,9378756.0,1086,176,206,87
3829077,1,3829077.0,1543,241,9,26
5339272,1,5339272.0,1087,219,231,860
2186159,1,2186159.0,1653,266,113,308
2349414,3,783138.0,1763,89,92,149
4359082,1,4359082.0,153,108,133,558
798600,1,798600.0,738,223,253,263
4186433,1,4186433.0,154,214,72,682
4118441,1,4118441.0,275,112,119,28
16902318,3,5634106.0,1544,72,19,855
7682953,1,7682953.0,1654,37,145,368
16163871,3,5387957.0,61,120,158,559
6567519,1,6567519.0,739,267,50,90
3086199,3,1028733.0,155,224,219,618
773370,2,386685.0,411,129,134,152
6757582,1,6757582.0,1764,204,123,153
20381646,3,6793882.0,62,148,115,619
5501066,2,2750533.0,1088,195,24,491
20558646,3,6852882.0,1435,21,64,907
5880062,2,2940031.0,1436,170,29,367
6676518,3,2225506.0,530,68,58,29
4716180,1,4716180.0,1211,164,143,855
15259290,3,5086430.0,276,260,30,368
15299630,2,7649815.0,1545,211,188,212
10784660,2,5392330.0,1546,61,95,489
9838939,1,9838939.0,63,13,170,306
6480690,2,3240345.0,1089,109,137,208
341128,2,170564.0,1655,241,17,372
2672576,2,1336288.0,740,193,178,437
14912856,2,7456428.0,156,106,48,91
573260,1,573260.0,976,28,176,493
9112182,1,9112182.0,633,94,55,493
14865483,3,4955161.0,741,37,214,736
17356910,2,8678455.0,1212,115,259,370
5429292,1,5429292.0,1325,154,146,264
394149,1,394149.0,977,56,147,494
693802,1,693802.0,412,155,237,209
20009418,3,6669806.0,413,207,16,684
22099773,3,7366591.0,64,77,116,439
18326772,2,9163386.0,742,6,245,30
6991308,2,3495654.0,1765,196,268,92
4808656,2,2404328.0,1090,138,138,851
16911087,3,5637029.0,157,57,51,861
3413709,3,1137903.0,864,105,89,266
4377730,2,2188865.0,865,41,177,437
13501758,2,6750879.0,1091,100,269,27
27236946,3,9078982.0,634,216,270,687
1589669,1,1589669.0,1092,162,234,862
8817572,1,8817572.0,1437,39,205,863
4594208,1,4594208.0,1093,237,78,31
17273871,3,5757957.0,1766,144,12,365
7550560,1,7550560.0,635,58,171,683
9062583,1,9062583.0,277,110,172,439
8765382,1,8765382.0,743,77,151,373
8396223,1,8396223.0,278,90,72,93
363498,1,363498.0,531,118,26,858
14665640,2,7332820.0,866,17,100,688
8311743,3,2770581.0,1656,145,238,309
6379479,3,2126493.0,1547,264,252,560
7818633,3,2606211.0,978,9,118,796
16935201,3,5645067.0,279,173,274,734
1863259,1,1863259.0,867,234,36,32
23562717,3,7854239.0,280,140,239,27
4386508,2,2193254.0,1326,248,135,685
14603685,3,4867895.0,1094,151,28,211
11941370,2,5970685.0,281,118,121,155
860789,1,860789.0,636,238,202,620
1241180,2,620590.0,637,163,136,440
16800074,2,8400037.0,158,156,275,307
1397563,1,1397563.0,1213,14,224,93
9479098,2,4739549.0,282,157,57,858
18138627,3,6046209.0,1657,86,31,903
23134212,3,7711404.0,979,136,271,94
14471634,2,7235817.0,1767,181,220,213
4533018,3,1511006.0,159,86,199,621
12731434,2,6365717.0,638,93,236,912
15725676,3,5241892.0,532,227,140,908
18205968,2,9102984.0,980,158,174,859
25054869,3,8351623.0,981,141,37,685
5217794,1,5217794.0,1658,23,120,211
9179190,3,3059730.0,982,172,231,561
9356885,1,9356885.0,283,172,192,611
4954303,1,4954303.0,1438,124,65,33
23814543,3,7938181.0,744,33,272,214
20119176,3,6706392.0,1659,34,195,800
20098230,3,6699410.0,533,51,261,86
1115865,3,371955.0,414,262,148,154
3475515,1,3475515.0,160,131,87,374
9250976,2,4625488.0,1548,67,20,903
1022362,1,1022362.0,1768,50,102,149
17232402,2,8616201.0,1214,189,115,95
736926,2,368463.0,65,116,256,913
12564672,3,4188224.0,983,197,262,864
1171358,1,1171358.0,1769,239,1,682
10382696,2,5191348.0,1439,2,161,911
8025442,2,4012721.0,1660,139,11,310
21112329,3,7037443.0,161,199,39,265
3678913,1,3678913.0,284,3,88,611
21804849,3,7268283.0,415,189,124,616
4070808,1,4070808.0,1440,137,193,622
4857048,2,2428524.0,1661,64,139,562
7964170,2,3982085.0,162,225,48,34
8153345,1,8153345.0,984,263,52,26
19307094,2,9653547.0,285,24,162,860
27943230,3,9314410.0,985,60,180,308
16850778,2,8425389.0,1095,146,129,149
19630850,2,9815425.0,639,49,153,35
12536596,2,6268298.0,640,42,172,623
1865274,3,621758.0,745,139,273,491
7780268,1,7780268.0,1096,101,117,267
19647284,2,9823642.0,163,97,96,441
7034814,2,3517407.0,164,65,163,624
8636598,2,4318299.0,1662,159,270,676
9139185,1,9139185.0,66,240,86,559
9632295,3,3210765.0,286,201,2,90
2717264,1,2717264.0,868,228,132,616
4013044,2,2006522.0,1327,174,239,801
4013704,2,2006852.0,869,183,173,375
9810558,3,3270186.0,641,35,66,495
3141089,1,3141089.0,1770,253,197,215
2503041,1,2503041.0,1215,256,264,208
1910037,3,636679.0,1663,70,5,619
12894642,3,4298214.0,1664,102,202,850
7324987,1,7324987.0,67,83,212,623
17994549,3,5998183.0,1549,226,57,496
10290584,2,5145292.0,68,49,101,493
1962370,1,1962370.0,69,112,99,442
4815214,2,2407607.0,870,265,164,497
8419928,1,8419928.0,746,184,265,737
2398611,1,2398611.0,1216,257,183,801
3510889,1,3510889.0,1441,176,65,609
20032434,3,6677478.0,1217,252,120,36
8902988,2,4451494.0,1550,159,82,92
5498931,3,1832977.0,416,10,276,268
8193938,1,8193938.0,1551,182,68,443
12944730,3,4314910.0,417,4,98,31
10668876,2,5334438.0,1442,72,189,23
4852780,1,4852780.0,642,134,258,438
5687952,3,1895984.0,1771,81,109,91
22982112,3,7660704.0,418,103,204,493
4756842,2,2378421.0,1328,119,242,376
8194514,2,4097257.0,986,66,160,311
1681622,1,1681622.0,287,16,179,156
8105433,3,2701811.0,1665,18,150,439
8184342,1,8184342.0,871,205,117,269
4152994,2,2076497.0,1552,185,60,36
24716376,3,8238792.0,1772,68,243,865
6950547,1,6950547.0,1553,85,90,27
16395304,2,8197652.0,165,206,61,687
2474385,3,824795.0,872,245,42,862
19641387,3,6547129.0,1329,222,97,31
2525831,1,2525831.0,70,207,99,25
2945306,1,2945306.0,1443,5,129,440
23239323,3,7746441.0,419,255,105,738
22218969,3,7406323.0,420,175,210,157
1934226,3,644742.0,1330,69,128,563
14558850,2,7279425.0,873,198,33,802
9155025,3,3051675.0,1773,231,276,795
2414785,1,2414785.0,166,246,110,688
9875101,1,9875101.0,1774,45,185,309
8749140,3,2916380.0,1097,19,240,560
9813516,1,9813516.0,534,203,132,213
3796049,1,3796049.0,1666,176,3,912
14888976,3,4962992.0,1554,90,242,364
15407670,3,5135890.0,1098,241,211,37
12463830,3,4154610.0,167,219,17,158
4375707,3,1458569.0,168,266,4,866
13947848,2,6973924.0,747,208,8,211
22958067,3,7652689.0,169,248,243,303
1791030,1,1791030.0,1775,186,175,738
18149337,3,6049779.0,1555,37,182,803
1441488,1,1441488.0,1776,120,214,564
6981696,3,2327232.0,1556,267,215,804
14458628,2,7229314.0,987,150,122,903
6984864,2,3492432.0,874,224,198,94
15720604,2,7860302.0,535,20,34,912
8014593,1,8014593.0,988,242,254,913
4935354,2,2467677.0,989,204,73,864
23853315,3,7951105.0,421,6,74,312
11820578,2,5910289.0,1444,236,40,159
18991178,2,9495589.0,1331,217,143,560
2488763,1,2488763.0,875,46,182,551
9647960,1,9647960.0,1777,21,38,33
4505054,2,2252527.0,1099,164,53,800
26891523,3,8963841.0,170,205,149,914
2594596,1,2594596.0,1667,188,74,304
28091703,3,9363901.0,422,105,184,625
2319903,1,2319903.0,1218,61,191,915
5609846,2,2804923.0,171,42,184,201
4342526,1,4342526.0,1668,13,62,913
7636791,1,7636791.0,288,99,208,864
982629,1,982629.0,1332,39,21,377
8461623,1,8461623.0,172,91,23,616
6633454,1,6633454.0,536,115,114,622
5303990,2,2651995.0,990,154,250,562
7842499,1,7842499.0,1219,226,125,301
19375632,3,6458544.0,1100,32,97,495
319262,2,159631.0,643,207,22,215
5204886,2,2602443.0,1220,77,125,626
5798275,1,5798275.0,1557,252,43,366
736620,2,368310.0,748,138,76,267
10719476,2,5359738.0,1221,41,14,624
1338147,1,1338147.0,1669,231,71,497
1011480,2,505740.0,71,36,229,147
3290799,3,1096933.0,1445,100,43,916
4916778,1,4916778.0,1446,216,221,498
1729269,1,1729269.0,644,162,25,160
2298897,3,766299.0,1101,166,111,488
11406252,2,5703126.0,1222,58,217,495
22596384,3,7532128.0,423,209,18,215
5418394,1,5418394.0,289,259,175,443
3543648,3,1181216.0,749,90,13,444
16951182,3,5650394.0,1102,118,229,161
16207740,3,5402580.0,1447,5,112,680
23525034,3,7841678.0,750,191,47,493
19976336,2,9988168.0,173,9,85,442
5326101,3,1775367.0,1333,173,152,270
5143059,3,1714353.0,1223,234,222,497
15426514,2,7713257.0,1778,203,9,148
6794711,1,6794711.0,991,248,44,156
13155981,3,4385327.0,1334,151,111,445
18310262,2,9155131.0,290,238,248,38
19849948,2,9924974.0,992,202,56,738
7415464,1,7415464.0,291,87,15,268
18375622,2,9187811.0,174,14,207,444
28350189,3,9450063.0,1779,171,53,39
2729702,2,1364851.0,645,152,186,689
5885097,3,1961699.0,1335,242,46,202
1095368,2,547684.0,1336,86,112,313
3826662,2,1913331.0,424,181,45,446
798371,1,798371.0,292,22,154,31
2679588,3,893196.0,1448,227,201,376
4328047,1,4328047.0,293,75,93,490
5623406,1,5623406.0,1103,158,233,311
5897132,2,2948566.0,1104,153,208,563
6973684,2,3486842.0,876,187,206,802
27016929,3,9005643.0,425,172,9,378
4024362,3,1341454.0,294,124,231,216
4067332,1,4067332.0,993,7,277,203
8119439,1,8119439.0,1780,33,113,379
616018,2,308009.0,72,95,235,560
7905878,1,7905878.0,426,51,133,865
22715907,3,7571969.0,1224,131,260,689
19215370,2,9607685.0,751,32,116,854
14312230,2,7156115.0,1105,233,241,158
6726654,1,6726654.0,1106,46,19,866
4087496,2,2043748.0,537,50,145,314
18880134,3,6293378.0,1107,55,158,271
4002375,3,1334125.0,1670,149,269,681
18812372,2,9406186.0,1108,192,27,738
9731832,2,4865916.0,877,239,219,157
3424744,1,3424744.0,1671,2,134,563
3362029,1,3362029.0,175,199,98,802
6365796,3,2121932.0,1109,261,14,564
21753009,3,7251003.0,1672,259,26,305
9007548,3,3002516.0,1337,137,115,380
19571838,3,6523946.0,176,64,251,162
15259797,3,5086599.0,994,263,64,37
8912312,2,4456156.0,73,111,18,690
8184657,1,8184657.0,1110,97,130,381
8532678,2,4266339.0,1338,218,95,803
12650379,3,4216793.0,995,201,56,804
902716,2,451358.0,878,153,192,152
10537488,2,5268744.0,1558,174,178,272
7543950,2,3771975.0,1781,183,48,206
17788070,2,8894035.0,646,35,77,447
27486141,3,9162047.0,879,127,80,864
19710144,2,9855072.0,1559,256,259,312
15669614,2,7834807.0,74,70,146,690
19474533,3,6491511.0,880,83,147,159
6485847,3,2161949.0,75,43,207,739
7899765,3,2633255.0,538,226,16,217
11154554,2,5577277.0,1673,261,124,306
25855152,3,8618384.0,752,112,153,910
5109932,2,2554966.0,647,98,155,740
19645242,3,6548414.0,1560,143,190,914
9566388,2,4783194.0,295,111,273,264
10229682,3,3409894.0,1449,184,51,499
5377184,2,2688592.0,753,257,177,272
17561478,2,8780739.0,1339,251,55,805
7707708,2,3853854.0,1674,159,269,627
9643741,1,9643741.0,296,10,270,207
11159985,3,3719995.0,996,213,156,861
756130,2,378065.0,539,182,234,741
10043608,2,5021804.0,1450,235,194,624
13963694,2,6981847.0,76,43,101,683
21192432,3,7064144.0,1451,88,260,498
20704056,3,6901352.0,1675,82,26,691
14722240,2,7361120.0,1340,66,238,867
18803154,3,6267718.0,1341,251,82,734
6392002,2,3196001.0,427,26,225,215
2777340,2,1388670.0,1452,258,274,805
16603584,2,8301792.0,1453,185,36,692
1224224,2,612112.0,1454,166,135,273
7346559,1,7346559.0,648,102,28,448
6430716,1,6430716.0,997,1,136,806
6450877,1,6450877.0,754,85,223,916
11547286,2,5773643.0,1455,206,275,498
13805586,2,6902793.0,881,133,143,38
16088542,2,8044271.0,77,5,30,565
5573732,1,5573732.0,428,255,31,742
3396415,1,3396415.0,1225,69,220,868
10324128,2,5162064.0,1782,160,140,161
7373736,1,7373736.0,1226,246,174,500
10249968,3,3416656.0,1111,203,137,446
3234890,1,3234890.0,429,176,192,566
513083,1,513083.0,297,241,65,798
19477396,2,9738698.0,540,89,69,156
21888990,3,7296330.0,1676,223,87,565
6576128,2,3288064.0,1112,71,147,216
16365546,2,8182773.0,430,147,237,379
2368511,1,2368511.0,1113,72,102,449
14614923,3,4871641.0,755,120,256,693
17408562,2,8704281.0,1561,150,1,313
12844128,2,6422064.0,1114,224,161,628
28839432,3,9613144.0,1783,129,39,446
11687542,2,5843771.0,1677,38,177,271
1916646,1,1916646.0,177,242,84,567
19789761,3,6596587.0,178,204,124,218
1167288,3,389096.0,1115,6,193,799
5345219,1,5345219.0,541,148,139,501
5028079,1,5028079.0,998,195,32,802
4380506,1,4380506.0,542,122,52,378
3937331,1,3937331.0,1456,21,162,216
4257825,3,1419275.0,882,170,180,379
3223632,3,1074544.0,543,244,83,380
19956204,3,6652068.0,1678,13,2,567
12200662,2,6100331.0,431,54,36,163
19051425,3,6350475.0,1562,7,239,568
8710705,1,8710705.0,544,193,156,869
24008736,3,8002912.0,649,39,173,807
11312878,2,5656439.0,1784,106,66,808
8513511,1,8513511.0,78,28,107,40
5823668,2,2911834.0,179,115,5,274
2244035,1,2244035.0,999,32,57,164
20377248,3,6792416.0,1227,207,101,382
6710574,2,3355287.0,79,77,99,450
20868240,3,6956080.0,1116,40,119,502
6605147,1,6605147.0,80,196,165,275
7008640,1,7008640.0,180,249,244,917
24960051,3,8320017.0,1563,138,265,276
9443751,3,3147917.0,1564,57,183,568
1397660,2,698830.0,1228,230,37,870
3313784,2,1656892.0,81,149,120,743
6013572,2,3006786.0,1785,231,82,165
1064642,1,1064642.0,1457,100,276,918
14383581,3,4794527.0,1342,216,68,96
14125293,3,4708431.0,181,237,141,41
11398706,2,5699353.0,545,190,258,809
19922738,2,9961369.0,298,144,109,694
12224948,2,6112474.0,299,58,216,164
8591331,1,8591331.0,1679,210,87,629
4378700,1,4378700.0,1565,90,255,42
5410099,1,5410099.0,650,118,242,315
8234393,1,8234393.0,1229,17,160,316
672494,1,672494.0,1458,264,59,317
18586362,2,9293181.0,1117,191,150,97
6597000,1,6597000.0,300,9,246,870
9708437,1,9708437.0,651,247,88,277
3422245,1,3422245.0,1786,248,103,318
2785750,1,2785750.0,1566,238,58,98
2519270,2,1259635.0,1459,59,90,383
1526846,1,1526846.0,1000,87,61,629
4431368,1,4431368.0,182,156,42,384
6674538,2,3337269.0,1460,171,129,166
2674500,2,1337250.0,432,152,105,919
10601488,2,5300744.0,1567,86,210,451
7968813,1,7968813.0,301,136,128,385
1862253,1,1862253.0,756,93,104,810
24839778,3,8279926.0,82,22,159,386
112246,1,112246.0,883,158,185,277
17398632,3,5799544.0,1461,232,2,744
17503942,2,8751971.0,83,153,132,871
2870595,3,956865.0,1462,187,3,387
7013124,1,7013124.0,1118,172,211,920
2656854,3,885618.0,1463,124,17,278
16979252,2,8489626.0,1680,95,8,99
24362178,3,8120726.0,1568,262,126,166
3819603,1,3819603.0,183,165,212,452
15885976,2,7942988.0,1464,233,70,872
3197417,1,3197417.0,757,46,213,921
16927332,3,5642444.0,652,55,214,43
2398282,2,1199141.0,302,197,106,922
3506007,1,3506007.0,758,192,122,873
2083892,2,1041946.0,1681,239,198,744
27957369,3,9319123.0,1787,2,247,871
4611630,2,2305815.0,884,161,183,219
9049002,3,3016334.0,546,188,73,503
5608623,3,1869541.0,1788,137,245,319
5978034,3,1992678.0,885,168,36,811
4374748,1,4374748.0,1230,125,230,569
575341,1,575341.0,433,263,38,452
4796736,1,4796736.0,303,24,168,872
7755909,3,2585303.0,1569,29,216,570
1117884,3,372628.0,1465,111,204,630
2163135,1,2163135.0,653,42,149,453
5730373,1,5730373.0,1001,139,184,320
7473819,3,2491273.0,184,101,89,167
1966407,1,1966407.0,304,65,41,695
9519982,1,9519982.0,886,142,142,504
6343528,1,6343528.0,1570,218,191,219
19794014,2,9897007.0,1119,240,62,44
11071452,3,3690484.0,1571,212,60,745
485030,2,242515.0,759,213,157,321
13198065,3,4399355.0,547,174,6,100
19984848,2,9992424.0,1120,253,75,45
2616456,1,2616456.0,305,256,114,570
18946656,3,6315552.0,1343,15,42,807
2744649,1,2744649.0,760,43,97,808
2077165,1,2077165.0,1682,226,22,505
2718268,1,2718268.0,1572,49,125,454
15077118,2,7538559.0,548,112,151,923
12520536,2,6260268.0,1231,265,167,455
1106300,2,553150.0,306,143,187,571
14117661,3,4705887.0,185,167,76,745
1134198,2,567099.0,1466,184,127,321
8843133,1,8843133.0,761,11,185,450
1478854,2,739427.0,549,252,71,506
8914706,2,4457353.0,1344,159,43,456
7622398,1,7622398.0,654,10,221,388
1418879,1,1418879.0,550,96,54,568
8297402,1,8297402.0,186,235,200,869
9083644,2,4541822.0,307,134,10,807
6473726,1,6473726.0,1345,81,217,808
6186812,1,6186812.0,1002,132,126,918
1261306,1,1261306.0,655,88,175,96
29113914,3,9704638.0,434,36,13,924
2383197,1,2383197.0,762,82,229,572
3744641,1,3744641.0,1121,16,169,164
26759610,3,8919870.0,308,26,47,382
4004193,3,1334731.0,1683,18,85,450
10287849,3,3429283.0,309,258,152,502
1537290,3,512430.0,1467,74,247,315
8677097,1,8677097.0,656,200,34,316
3149218,1,3149218.0,1789,166,44,631
6511723,1,6511723.0,657,102,111,812
2232010,1,2232010.0,887,68,248,813
15457020,3,5152340.0,310,121,224,101
6453537,3,2151179.0,551,128,232,743
7263872,2,3631936.0,763,31,49,165
1200616,1,1200616.0,435,85,15,918
9633912,2,4816956.0,84,206,94,96
9662865,1,9662865.0,1684,8,168,46
9864716,2,4932358.0,1790,133,53,98
4232991,1,4232991.0,1003,5,186,696
16504464,3,5501488.0,1685,198,91,384
5653611,1,5653611.0,1686,160,201,315
3198540,3,1066180.0,436,246,233,316
27176325,3,9058775.0,764,250,62,451
6687048,3,2229016.0,1573,53,208,385
8014856,2,4007428.0,1346,89,235,318
1922186,1,1922186.0,1791,208,133,46
8638572,2,4319286.0,187,108,253,98
24169257,3,8056419.0,1232,25,250,920
17066514,3,5688838.0,1347,71,241,278
3182328,1,3182328.0,888,72,145,632
10283534,2,5141767.0,765,37,158,573
7134171,3,2378057.0,1574,267,63,166
6479302,2,3239651.0,437,79,27,919
13290276,3,4430092.0,188,150,219,451
2656204,2,1328102.0,889,224,134,385
5666511,1,5666511.0,1792,178,127,322
8590743,3,2863581.0,658,38,14,43
5253078,3,1751026.0,1793,242,123,389
3508984,1,3508984.0,189,6,115,814
11337774,2,5668887.0,1687,236,24,871
25750338,3,8583446.0,1348,195,203,387
16634625,3,5544875.0,1794,122,64,920
25732437,3,8577479.0,1575,177,217,574
1660874,1,1660874.0,190,75,35,925
8238429,3,2746143.0,1468,105,11,697
28847274,3,9615758.0,1004,114,188,872
8621918,2,4310959.0,1688,126,95,322
16722688,2,8361344.0,1576,12,152,320
16872384,3,5624128.0,1795,54,222,167
28942212,3,9647404.0,659,7,178,220
19930602,2,9965301.0,191,39,48,507
16878962,2,8439481.0,766,135,37,390
5889531,3,1963177.0,1233,130,176,44
3605282,1,3605282.0,1005,91,259,574
10592974,2,5296487.0,890,115,146,319
2815512,3,938504.0,1122,113,94,168
6947409,3,2315803.0,552,76,207,102
26456838,3,8818946.0,1796,32,16,746
492495,1,492495.0,438,207,116,874
19774090,2,9887045.0,1006,77,153,169
9245748,1,9245748.0,891,47,268,630
10055328,3,3351776.0,1689,196,190,453
13669080,2,6834540.0,1577,249,138,320
11000572,2,5500286.0,1797,194,233,454
18121749,3,6040583.0,1798,230,55,923
12729795,3,4243265.0,1234,149,79,875
7449370,2,3724685.0,1123,231,269,323
16250655,3,5416885.0,553,100,270,170
12209884,2,6104942.0,892,237,194,100
9753154,1,9753154.0,1349,190,12,168
8789076,2,4394538.0,85,144,171,102
10901283,3,3633761.0,439,254,253,456
13058781,3,4352927.0,192,145,252,808
2603689,1,2603689.0,311,264,225,505
7404518,2,3702259.0,893,191,118,454
5907291,1,5907291.0,767,9,274,923
2287310,1,2287310.0,768,169,98,813
26421006,3,8807002.0,1799,247,135,279
6403419,3,2134473.0,660,248,28,391
8656704,3,2885568.0,1578,151,202,876
8270331,1,8270331.0,661,163,218,502
6966456,2,3483228.0,1124,30,67,506
5365482,1,5365482.0,1235,59,223,456
792051,3,264017.0,86,123,143,877
605475,3,201825.0,1007,171,30,47
3338625,3,1112875.0,193,86,271,221
6803236,2,3401618.0,769,181,236,96
3862100,1,3862100.0,770,93,81,924
6836634,1,6836634.0,87,22,140,572
6558027,3,2186009.0,1469,227,174,747
19975950,2,9987975.0,1350,153,137,575
18009496,2,9004748.0,312,187,192,633
6868940,1,6868940.0,194,172,65,926
110318,1,110318.0,88,33,195,316
19749408,2,9874704.0,313,34,69,631
750595,1,750595.0,1690,95,261,812
22819110,3,7606370.0,314,63,146,927
4447597,1,4447597.0,1236,165,147,573
17375382,3,5791794.0,771,46,102,748
9592556,1,9592556.0,195,50,189,392
2847247,1,2847247.0,894,239,161,877
5740231,1,5740231.0,1237,179,51,632
540651,3,180217.0,1470,161,177,814
6220644,1,6220644.0,895,261,84,634
279928,1,279928.0,89,188,124,393
18880437,3,6293479.0,896,64,257,385
24097389,3,8032463.0,1238,117,32,324
14728632,3,4909544.0,1579,125,52,927
8462551,1,8462551.0,772,263,162,325
22956720,3,7652240.0,1239,80,171,103
11418932,2,5709466.0,773,29,83,697
6062757,3,2020919.0,315,111,172,749
2142415,1,2142415.0,1800,42,273,171
18031704,2,9015852.0,897,139,117,104
5822465,1,5822465.0,1471,97,163,278
26285466,3,8761822.0,554,65,263,576
5997976,2,2998988.0,1472,142,196,632
14824880,2,7412440.0,1125,218,86,573
18486910,2,9243455.0,555,48,274,815
10442638,2,5221319.0,196,212,36,507
19590816,3,6530272.0,90,213,239,222
21127932,3,7042644.0,1580,174,156,172
19645278,3,6548426.0,774,225,173,750
13403368,2,6701684.0,197,35,197,43
29227953,3,9742651.0,316,127,264,103
16699206,3,5566402.0,1126,15,224,169
4992132,3,1664044.0,1240,226,101,698
12924729,3,4308243.0,556,49,99,394
21108186,3,7036062.0,1241,265,165,925
19782228,3,6594076.0,440,167,265,697
12941846,2,6470923.0,662,94,174,874
18529414,2,9264707.0,1127,11,37,170
3706613,1,3706613.0,198,251,120,395
4960610,1,4960610.0,1351,252,82,508
17791749,3,5930583.0,317,159,276,509
14208170,2,7104085.0,441,182,108,167
8652921,3,2884307.0,91,96,141,220
14116226,2,7058113.0,318,235,258,635
24939225,3,8313075.0,199,52,148,323
1018690,1,1018690.0,1008,132,87,928
4556011,1,4556011.0,1473,88,20,396
6627355,1,6627355.0,1474,36,255,223
2569118,2,1284559.0,898,82,242,751
5502771,1,5502771.0,557,66,179,102
27904578,3,9301526.0,558,16,59,746
29546586,3,9848862.0,1475,26,150,874
9541679,1,9541679.0,319,18,246,169
12945492,3,4315164.0,1242,74,39,876
4301122,2,2150561.0,775,166,103,105
28322907,3,9440969.0,776,1,227,923
12101712,3,4033904.0,1352,128,209,875
2734569,1,2734569.0,777,31,90,323
17144544,3,5714848.0,1691,8,180,221
7205130,2,3602565.0,92,5,105,280
13877574,2,6938787.0,442,255,210,577
7370323,1,7370323.0,1009,69,33,747
4553745,3,1517915.0,320,202,86,106
8786484,1,8786484.0,559,250,2,926
1575710,2,787855.0,443,53,132,224
26277687,3,8759229.0,93,176,211,636
4800009,1,4800009.0,1353,266,181,279
9387408,2,4693704.0,321,208,267,876
19268528,2,9634264.0,94,221,5,633
2693650,1,2693650.0,778,71,70,878
15300512,2,7650256.0,1801,147,213,637
2145815,1,2145815.0,444,72,182,816
24232686,3,8077562.0,1692,120,215,877
2533330,1,2533330.0,560,267,106,47
18341554,2,9170777.0,1128,79,122,106
8137212,2,4068606.0,899,150,198,221
7857274,2,3928637.0,1693,178,183,638
27271989,3,9090663.0,1581,38,254,326
12692734,2,6346367.0,779,242,73,327
7259016,2,3629508.0,1802,204,74,281
10997361,3,3665787.0,1476,148,40,325
28693191,3,9564397.0,1803,236,228,575
22238241,3,7412747.0,1129,195,230,633
27872751,3,9290917.0,1010,122,38,926
13975350,3,4658450.0,900,104,109,393
2027358,2,1013679.0,780,177,216,104
1391762,1,1391762.0,1804,244,204,752
16884642,3,5628214.0,781,75,149,173
1988116,2,994058.0,200,205,184,107
7504486,2,3752243.0,322,243,166,573
12812390,2,6406195.0,663,114,41,510
8214262,1,8214262.0,201,211,142,748
8464536,2,4232268.0,323,126,191,392
8532681,3,2844227.0,445,168,246,171
7526731,1,7526731.0,1130,54,157,578
18536784,3,6178928.0,1582,7,6,108
15778162,2,7889081.0,1805,193,21,579
8652050,1,8652050.0,1354,106,266,814
23656572,3,7885524.0,782,130,75,634
13940379,3,4646793.0,1011,28,23,393
1852696,2,926348.0,202,121,61,172
6238932,1,6238932.0,783,113,42,394
5024274,1,5024274.0,901,32,22,929
2167212,3,722404.0,95,207,125,511
1905414,2,952707.0,1243,40,7,697
3679016,1,3679016.0,1583,47,167,749
5044983,3,1681661.0,784,196,187,171
4420992,1,4420992.0,902,249,76,104
3019029,1,3019029.0,203,194,185,509
9992208,2,4996104.0,1244,230,240,457
5313843,3,1771281.0,664,149,71,879
9918502,2,4959251.0,1806,231,43,639
12790714,2,6395357.0,1131,216,25,507
18662240,2,9331120.0,785,162,54,222
3692235,3,1230745.0,903,237,200,172
307458,2,153729.0,1807,214,267,508
1123825,1,1123825.0,786,254,126,751
28686045,3,9562015.0,1694,259,13,48
12487035,3,4162345.0,904,90,229,109
13301616,3,4433872.0,1477,17,131,169
11539143,3,3846381.0,1012,145,169,512
18797763,3,6265921.0,1132,191,85,394
9892344,3,3297448.0,1355,247,44,174
1185524,2,592762.0,1245,248,111,817
5928623,1,5928623.0,905,238,249,170
6686346,2,3343173.0,1246,163,232,395
10034872,2,5017436.0,1247,30,49,508
16819923,3,5606641.0,1584,59,15,509
2545818,3,848606.0,665,260,38,105
3745426,2,1872713.0,446,123,53,930
5292186,1,5292186.0,787,171,186,49
7781997,3,2593999.0,906,181,91,396
933846,1,933846.0,324,93,154,223
26641407,3,8880469.0,1013,22,201,751
14333481,3,4777827.0,1248,153,206,175
29104182,3,9701394.0,1014,187,9,225
15373923,3,5124641.0,1695,124,113,876
12162555,3,4054185.0,907,33,92,226
16171360,2,8085680.0,788,34,235,105
14283456,2,7141728.0,325,155,114,458
11257083,3,3752361.0,1808,55,50,221
6506846,1,6506846.0,1696,116,63,176
820540,1,820540.0,326,197,27,280
6064806,1,6064806.0,789,215,76,637
295120,2,147560.0,790,179,127,281
8060510,2,4030255.0,1249,161,14,397
7167374,2,3583687.0,1015,261,123,580
6607616,1,6607616.0,327,188,46,110
27373935,3,9124645.0,328,137,251,926
18681285,3,6227095.0,204,64,24,224
9113392,1,9113392.0,1133,117,203,458
29245743,3,9748581.0,791,125,64,636
27205020,3,9068340.0,447,110,10,327
4763922,3,1587974.0,1356,80,217,107
2475576,2,1237788.0,1809,29,18,753
18846993,3,6282331.0,329,111,35,754
11136476,2,5568238.0,1697,42,93,459
8358033,1,8358033.0,1810,101,130,392
25413093,3,8471031.0,1357,65,144,637
1362898,1,1362898.0,205,142,95,816
857333,1,857333.0,1250,140,85,173
4893280,2,2446640.0,1478,48,152,579
8087798,2,4043899.0,1811,174,277,513
1826850,3,608950.0,1585,155,212,818
26346189,3,8782063.0,792,183,77,638
14758116,2,7379058.0,1358,35,176,326
6666064,2,3333032.0,96,253,80,327
24546006,3,8182002.0,448,127,259,281
22058883,3,7352961.0,1698,92,94,511
29062869,3,9687623.0,666,15,207,931
24282477,3,8094159.0,1134,43,16,699
12706496,2,6353248.0,1359,112,155,104
1490532,1,1490532.0,1699,98,268,752
3215803,1,3215803.0,1360,265,190,173
2493076,1,2493076.0,1135,143,138,107
12167115,3,4055705.0,97,23,201,929
10930779,3,3643593.0,1251,94,233,639
11007280,2,5503640.0,206,11,55,50
16986690,2,8493345.0,561,251,79,111
5761937,1,5761937.0,1700,252,269,398
25757136,3,8585712.0,1016,10,234,750
24876672,3,8292224.0,98,182,78,578
8376524,1,8376524.0,667,235,12,579
7862894,2,3931447.0,1252,67,133,879
6483099,3,2161033.0,908,52,253,109
5248404,2,2624202.0,562,36,26,112
7074852,1,7074852.0,563,119,238,394
15652146,2,7826073.0,1812,16,225,929
7528299,1,7528299.0,564,26,118,511
8561936,2,4280968.0,330,4,134,817
1021566,1,1021566.0,1136,74,98,514
7740377,1,7740377.0,331,200,135,880
8997126,3,2999042.0,909,166,28,819
26693064,3,8897688.0,207,68,136,509
14179306,2,7089653.0,99,1,218,457
8766677,1,8766677.0,332,128,67,879
1297858,1,1297858.0,1813,31,223,639
15599949,3,5199983.0,208,146,64,174
14384055,3,4794685.0,333,5,31,932
26242311,3,8747437.0,1253,175,220,751
9946293,3,3315431.0,100,198,81,48
1794492,1,1794492.0,334,229,140,109
313401,1,313401.0,668,228,95,49
19991650,2,9995825.0,449,250,56,227
9142867,1,9142867.0,209,53,137,228
9851706,3,3283902.0,793,203,192,51
19924618,2,9962309.0,794,215,183,640
319035,3,106345.0,101,241,272,52
19362792,3,6454264.0,1254,219,195,881
7084610,1,7084610.0,1137,89,261,817
6702328,2,3351164.0,1814,25,147,229
1841594,1,1841594.0,1255,71,237,820
18425982,2,9212991.0,1586,147,102,515
17715573,3,5905191.0,1815,37,256,577
28256700,3,9418900.0,1479,120,262,930
25246338,3,8415446.0,1816,267,226,49
11571686,2,5785843.0,450,84,138,460
19694214,3,6564738.0,565,73,51,110
2300537,1,2300537.0,1587,178,177,933
1880148,1,1880148.0,1256,38,84,641
8790030,1,8790030.0,1480,242,124,934
7398601,1,7398601.0,102,148,257,755
21557505,3,7185835.0,1701,236,32,175
2203758,1,2203758.0,103,195,52,225
6953904,2,3476952.0,335,103,12,580
11112984,3,3704328.0,1361,104,171,459
10005932,2,5002966.0,336,177,83,935
8376690,1,8376690.0,210,244,172,230
8253262,2,4126631.0,1702,75,273,821
19753406,2,9876703.0,1138,105,96,816
531557,1,531557.0,1588,243,163,700
5596372,2,2798186.0,1257,114,263,460
18982494,3,6327498.0,1703,211,196,516
2368695,1,2368695.0,1362,168,274,513
27412863,3,9137621.0,1481,12,36,328
1811252,2,905626.0,1139,54,239,329
3814214,1,3814214.0,211,39,66,281
311498,2,155749.0,212,106,197,397
8312239,1,8312239.0,337,130,107,580
1010235,3,336745.0,566,28,264,110
6813837,1,6813837.0,910,222,223,936
9982652,1,9982652.0,1140,121,275,461
7604313,1,7604313.0,451,113,224,330
2947608,2,1473804.0,1482,76,57,282
11171496,3,3723832.0,213,32,101,53
9656742,1,9656742.0,1704,77,119,107
2969225,1,2969225.0,1017,40,164,753
16171560,2,8085780.0,1483,47,165,754
4417448,2,2208724.0,1141,196,244,459
4038996,3,1346332.0,1484,19,140,699
14791150,2,7395575.0,911,194,37,701
18843345,3,6281115.0,1142,230,120,822
26413749,3,8804583.0,1589,149,82,882
19297413,3,6432471.0,1018,110,216,40
11823756,3,3941252.0,1705,100,68,579
14529736,2,7264868.0,1258,216,108,331
18615153,3,6205051.0,1590,162,141,936
1229389,1,1229389.0,1817,237,258,513
8043585,1,8043585.0,669,186,261,111
19494650,2,9747325.0,1706,214,148,112
14481660,3,4827220.0,670,254,87,937
14172508,2,7086254.0,452,210,20,642
8877463,1,8877463.0,1019,259,255,231
1107889,1,1107889.0,1707,118,160,511
6100968,2,3050484.0,567,17,179,931
5142062,1,5142062.0,1708,145,59,699
10562268,3,3520756.0,1709,264,150,461
18590022,2,9295011.0,795,78,161,819
9612495,1,9612495.0,1485,27,39,581
15234825,3,5078275.0,1363,169,88,54
20577474,3,6859158.0,912,247,103,643
554686,2,277343.0,453,151,58,639
9030055,1,9030055.0,1020,238,227,50
13949298,2,6974649.0,671,30,90,398
5295622,2,2647811.0,454,164,52,880
26354109,3,8784703.0,796,260,162,932
15681306,2,7840653.0,214,171,105,177
7974634,2,3987317.0,1021,86,128,109
10096794,3,3365598.0,1022,136,33,517
14595714,2,7297857.0,568,181,104,756
8881768,1,8881768.0,1143,93,159,112
10821420,2,5410710.0,1486,99,196,518
11759934,3,3919978.0,215,109,86,51
13286568,2,6643284.0,672,232,132,113
5710352,1,5710352.0,1364,172,17,817
25524021,3,8508007.0,338,124,4,514
14143962,2,7071981.0,1144,34,8,819
6142710,1,6142710.0,569,56,264,228
2224314,3,741438.0,1365,63,212,283
4002438,1,4002438.0,1710,165,70,114
3453486,3,1151162.0,455,50,214,332
5651109,3,1883703.0,1366,197,122,932
9833386,1,9833386.0,673,41,244,820
3333756,2,1666878.0,913,215,265,934
9965784,1,9965784.0,570,179,183,883
9042719,1,9042719.0,1591,261,73,757
28208490,3,9402830.0,1711,140,60,275
5490078,3,1830026.0,216,64,228,228
18718750,2,9359375.0,217,117,230,51
7376554,2,3688277.0,1818,209,258,641
16284062,2,8142031.0,1259,110,109,821
23998932,3,7999644.0,1145,80,216,333
27362391,3,9120797.0,1367,29,204,462
6961332,3,2320444.0,1712,139,89,516
1557242,2,778621.0,1819,97,41,820
19955415,3,6651805.0,456,65,142,515
25182108,3,8394036.0,1368,234,150,230
2298772,1,2298772.0,218,48,60,519
5313410,2,2656705.0,1487,212,157,884
8064714,2,4032357.0,457,213,6,520
4942804,2,2471402.0,1260,225,205,110
5790416,2,2895208.0,1820,183,266,933
1853412,2,926706.0,458,253,23,934
2647939,1,2647939.0,1146,14,90,329
23525256,3,7841752.0,1023,157,61,53
20980833,3,6993611.0,1024,92,42,115
5674660,2,2837330.0,104,112,7,935
993368,2,496684.0,914,98,167,230
226386,2,113193.0,459,265,187,821
6371231,1,6371231.0,1369,23,110,882
10059666,2,5029833.0,1821,94,185,399
18789165,3,6263055.0,571,11,240,582
7556174,2,3778087.0,1822,159,221,513
7358930,2,3679465.0,1261,96,200,758
13947502,2,6973751.0,1713,131,8,822
8946299,1,8946299.0,1592,67,267,231
5115269,1,5115269.0,915,52,126,400
17151476,2,8575738.0,572,88,13,334
12594525,3,4198175.0,1593,82,121,461
27030327,3,9010109.0,339,119,131,330
23929671,3,7976557.0,1823,16,47,53
4030132,1,4030132.0,1488,199,122,642
10183878,3,3394626.0,1370,3,198,702
12791852,2,6395926.0,460,4,247,178
14836218,3,4945406.0,573,74,34,823
13073782,2,6536891.0,219,200,44,938
6614970,2,3307485.0,461,157,42,521
8888376,3,2962792.0,1262,102,248,401
16436052,2,8218026.0,916,68,249,232
11307066,3,3769022.0,1025,1,232,233
14157891,3,4719297.0,1594,128,49,234
1023248,1,1023248.0,340,60,230,703
9632678,1,9632678.0,1147,217,168,583
16770687,3,5590229.0,1148,133,186,55
11484212,2,5742106.0,1714,255,199,644
5769353,1,5769353.0,917,198,154,463
9805168,2,4902584.0,674,201,142,645
7763828,1,7763828.0,1595,228,191,179
6380740,2,3190370.0,797,202,62,284
18708022,2,9354011.0,105,53,206,704
15149418,2,7574709.0,1149,176,231,885
4549470,1,4549470.0,1596,241,113,402
4906052,2,2453026.0,220,219,92,703
6666418,1,6666418.0,1597,266,235,702
8183979,1,8183979.0,574,220,114,180
4347531,1,4347531.0,1263,221,250,584
18804507,3,6268169.0,1026,71,19,759
8773934,2,4386967.0,1150,72,158,886
29705004,3,9901668.0,1598,37,50,522
11129928,3,3709976.0,462,120,63,645
5651517,3,1883839.0,575,267,27,887
11278020,3,3759340.0,576,257,187,235
29924316,3,9974772.0,1824,84,76,285
6271301,1,6271301.0,675,73,127,181
10866874,2,5433437.0,341,178,14,760
7221195,1,7221195.0,918,204,115,523
6214775,1,6214775.0,1825,148,24,286
21747525,3,7249175.0,1264,236,203,179
26563497,3,8854499.0,1371,44,200,464
17533466,2,8766733.0,1027,103,10,646
18752160,3,6250720.0,342,177,18,705
28867227,3,9622409.0,221,244,35,56
6329743,1,6329743.0,1151,205,11,824
18592218,3,6197406.0,222,105,130,761
5064801,1,5064801.0,919,243,188,235
7111275,1,7111275.0,676,114,144,180
4900328,1,4900328.0,1265,185,47,116
3184412,1,3184412.0,798,107,85,647
15286122,3,5095374.0,343,12,222,524
17266956,2,8633478.0,463,54,178,403
4767401,1,4767401.0,106,23,185,762
1156044,1,1156044.0,1372,193,48,763
4242946,2,2121473.0,1028,39,77,825
1772823,3,590941.0,1373,130,80,285
17972157,3,5990719.0,1029,245,49,335
13386544,2,6693272.0,464,222,15,826
7236359,1,7236359.0,223,121,94,182
18011674,2,9005837.0,1826,76,16,404
7530236,1,7530236.0,799,207,153,236
6105596,2,3052798.0,1266,77,155,405
1627572,3,542524.0,1827,40,268,116
17444340,3,5814780.0,1374,47,190,646
10920946,2,5460473.0,465,45,154,939
6457651,1,6457651.0,677,19,201,237
15644564,2,7822282.0,466,231,270,940
6337284,2,3168642.0,1489,100,234,888
8371844,1,8371844.0,1599,216,78,335
1498461,1,1498461.0,800,162,194,647
3440078,2,1720039.0,801,223,235,183
5259795,3,1753265.0,467,186,133,406
16494576,2,8247288.0,1490,254,260,706
7855838,1,7855838.0,1600,210,72,117
11048511,3,3682837.0,107,90,100,764
20192148,3,6730716.0,1267,118,238,118
3241882,2,1620941.0,468,145,225,826
7833314,1,7833314.0,1828,20,219,938
13747540,2,6873770.0,1268,78,134,765
28905498,3,9635166.0,1601,27,98,407
2413373,1,2413373.0,1829,169,135,287
3396379,1,3396379.0,1030,151,136,288
8997454,1,8997454.0,1715,238,218,183
16855406,2,8427703.0,1269,170,203,823
9108088,1,9108088.0,469,164,64,55
4533032,1,4533032.0,1830,260,29,525
2023916,1,2023916.0,1031,180,143,526
19441050,2,9720525.0,1602,123,30,889
19086794,2,9543397.0,1831,136,236,336
6911454,2,3455727.0,920,13,144,337
2563293,1,2563293.0,1716,99,95,704
9180803,1,9180803.0,470,62,56,766
2583356,2,1291678.0,802,232,137,527
28263645,3,9421215.0,224,67,126,707
9777657,1,9777657.0,108,187,65,702
1192682,2,596341.0,1375,124,195,823
1996961,1,1996961.0,577,33,69,938
17126070,3,5708690.0,109,154,80,585
13360260,3,4453420.0,1832,56,259,759
23012124,3,7670708.0,921,63,147,119
10879764,3,3626588.0,1152,165,237,120
13804728,2,6902364.0,1032,46,189,887
14197656,3,4732552.0,1270,55,262,337
2428393,1,2428393.0,578,116,226,55
1739244,3,579748.0,471,57,190,767
5565960,1,5565960.0,1491,215,51,528
1781776,1,1781776.0,344,188,193,179
18247482,3,6082494.0,1833,189,139,284
9743532,3,3247844.0,1153,137,257,585
4934636,1,4934636.0,472,58,194,760
140515,1,140515.0,1033,110,171,465
4315629,3,1438543.0,678,42,117,180
22956252,3,7652084.0,1376,139,96,584
17445024,3,5815008.0,803,101,163,767
14491058,2,7245529.0,922,97,263,759
24211491,3,8070497.0,1717,173,225,705
2272794,3,757598.0,1603,140,274,289
3970176,2,1985088.0,1154,48,36,238
4188963,1,4188963.0,473,212,239,408
24556629,3,8185543.0,474,174,173,285
4116309,3,1372103.0,345,225,66,181
18661467,3,6220489.0,1377,183,197,760
5979549,1,5979549.0,1604,35,107,338
1050883,1,1050883.0,579,156,67,524
13442598,2,6721299.0,1605,14,223,404
10644934,2,5322467.0,1606,92,224,768
23079612,3,7693204.0,475,15,57,648
8981081,1,8981081.0,1155,226,99,646
3309294,2,1654647.0,1271,98,165,56
7757426,2,3878713.0,1718,141,140,466
19756430,2,9878215.0,1607,23,174,339
11152924,2,5576462.0,346,94,37,467
9819030,2,4909515.0,347,252,276,647
3108616,1,3108616.0,348,159,68,649
1600510,2,800255.0,1834,10,108,524
2050218,3,683406.0,476,182,141,403
14716257,3,4905419.0,923,146,168,290
9868520,1,9868520.0,1835,228,62,409
9820202,1,9820202.0,477,220,250,340
19708557,3,6569519.0,478,84,127,650
5427166,1,5427166.0,804,103,217,184
9203891,1,9203891.0,1378,222,94,121
15240213,3,5080071.0,1719,19,233,468
7776326,1,7776326.0,924,186,253,341
7996640,2,3998320.0,1272,20,134,769
2295360,1,2295360.0,349,99,170,410
16485056,2,8242528.0,1379,56,146,185
10765934,2,5382967.0,225,41,51,827
2642509,1,2642509.0,679,234,274,411
21399438,3,7133146.0,1156,141,174,941
7469629,1,7469629.0,805,131,148,57
13010454,2,6505227.0,1720,199,161,828
24662301,3,8220767.0,1273,60,162,651
3216435,3,1072145.0,350,201,86,412
2525202,3,841734.0,351,257,265,652
2842308,3,947436.0,806,44,109,890
9181555,1,9181555.0,1608,185,246,342
8914250,1,8914250.0,1157,245,61,469
5805602,1,5805602.0,479,45,110,942
8004269,1,8004269.0,1609,129,198,829
2523098,2,1261549.0,807,13,191,529
2015710,1,2015710.0,226,154,114,708
5885517,3,1961839.0,680,58,10,413
12723726,2,6361863.0,925,173,85,586
29237313,3,9745771.0,1721,156,15,186
7152297,3,2384099.0,1274,158,201,891
8393822,1,8393822.0,1034,262,133,58
3816910,1,3816910.0,580,24,64,470
20137029,3,6712343.0,581,240,95,770
2136358,1,2136358.0,1380,70,259,587
19993293,3,6664431.0,227,184,138,343
2688075,3,896025.0,681,258,118,653
15763710,2,7881855.0,1158,246,140,830
20585610,3,6861870.0,1159,108,261,892
29960037,3,9986679.0,352,224,1,471
18848868,2,9424434.0,110,61,196,530
9899360,1,9899360.0,582,115,264,239
3796026,3,1265342.0,926,138,244,709
5408464,1,5408464.0,111,9,150,344
1832463,1,1832463.0,808,87,90,710
389981,1,389981.0,480,227,159,771
5184332,1,5184332.0,112,51,8,291
4383190,2,2191595.0,682,239,122,531
481608,3,160536.0,113,263,230,772
6037333,1,6037333.0,353,218,142,532
2942646,2,1471323.0,1160,256,23,773
3583528,2,1791764.0,1161,167,187,240
19516300,2,9758150.0,1035,134,200,533
1962018,2,981009.0,1162,18,47,414
14356532,2,7178266.0,1610,85,49,893
28109448,3,9369816.0,1381,160,154,187
8242881,3,2747627.0,481,208,235,401
8995284,3,2998428.0,1036,126,144,886
834966,1,834966.0,809,91,80,523
6274137,1,6274137.0,927,190,194,763
1996244,1,1996244.0,583,191,225,236
18775617,3,6258539.0,1611,22,81,764
17412957,3,5804319.0,1037,192,226,463
3669774,1,3669774.0,354,125,32,702
1355190,2,677595.0,1722,142,263,887
3552093,3,1184031.0,1836,127,107,179
13876546,2,6938273.0,810,143,165,180
471533,1,471533.0,228,31,209,647
14482858,2,7241429.0,928,229,104,826
11927904,3,3975968.0,811,89,181,237
16886348,2,8443174.0,355,79,106,406
19550380,2,9775190.0,929,195,228,938
17277864,3,5759288.0,812,211,41,55
18919476,2,9459738.0,1723,28,75,704
16518360,2,8259180.0,229,196,167,759
9128122,2,4564061.0,930,264,169,56
22319748,3,7439916.0,1163,30,232,403
7003696,1,7003696.0,114,34,92,466
4068964,1,4068964.0,1382,197,63,117
17998402,2,8999201.0,482,65,188,889
18672717,3,6224239.0,115,253,176,527
6318758,2,3159379.0,931,265,268,120
5507437,1,5507437.0,1383,96,78,831
2528334,2,1264167.0,813,16,252,894
3302523,1,3302523.0,584,128,218,408
19257888,3,6419296.0,1384,198,236,648
27599916,3,9199972.0,483,267,262,774
3120257,1,3120257.0,1275,236,257,775
7038770,2,3519385.0,356,114,163,654
310377,1,310377.0,1612,130,197,776
13147494,3,4382498.0,932,47,164,711
6880572,3,2293524.0,116,145,179,943
